speaker_name,avg_total_movement,avg_openness,percentage_body_turning,percentage_body_turn_front,percentage_body_turn_back,percentage_smile,percentage_neutral
Anand Avati,0.0872892810023712,1.5346812966859795,0.282258064516129,0.6592741935483871,0.0584677419354838,0.9754601226993864,0.0245398773006134
Percy Liang,0.0826194696727414,1.6729136186048394,0.1975903614457831,0.3662650602409638,0.436144578313253,1.0,0.0
Andrew Ng,0.0680701715691341,1.5917618697427982,0.0590339892665474,0.9391771019677996,0.0017889087656529,0.987152034261242,0.012847965738758
Dorsa Sadign,0.0676902616732316,1.472591924269964,0.0136239782016348,0.9782016348773842,0.0081743869209809,0.0,0.0
Kian Katanforoosh,0.0571140911927943,1.574052155730128,0.1257995735607676,0.7974413646055437,0.0767590618336887,0.9540229885057472,0.0459770114942528
Paige Bright,0.06367475132936784,1.533289042927948,0.05241090146750524,0.3228511530398323,0.6247379454926625,1.0,0.0
