speaker_name,avg_total_movement,avg_openness,percentage_body_turn_left,percentage_body_turn_right,percentage_body_turn_front,percentage_body_turn_back,percentage_smile,percentage_neutral
Anand Avati,0.0854442379329627,1.8120128470975925,0.0,0.0,1.0,0.0,0.9754601226993864,0.0245398773006134
Andrew Ng,0.0682188388457751,1.6964393349608455,0.0,0.0,1.0,0.0,0.987152034261242,0.012847965738758
Dorsa Sadign,0.067083510344051,2.4094232177883383,0.0,0.0,1.0,0.0,0.0,0.0
Kian Katanforoosh,0.0738761059766247,2.052901730563386,0.0,0.0,1.0,0.0,0.9540229885057472,0.0459770114942528
Paige Bright,0.0761665065522486,2.405163160694814,0.0,0.0,1.0,0.0,1.0,0.0
Percy Light,0.08129057195879186,2.1995448156621076,0.35990888382687924,0.004555808656036446,0.0,0.6355353075170843,1.0,0.0
