speaker_name,total_movement,avg_openness,time_leaning_forward,time_leaning_backward,time_head_right,time_head_left,time_head_up,time_head_down
ooooo,0.0677187038454417,1.5694461717244084,0.0,0.9707446808510638,0.4228723404255319,0.4547872340425531,0.4441489361702128,0.4042553191489361
kian katanforoosh,0.06430590632102204,1.978131339707673,0.002105263157894737,0.8315789473684211,0.4421052631578947,0.4863157894736842,0.4463157894736842,0.3936842105263158
